-- Insert Products
INSERT INTO "Product" (id, name, "sellingPrice", "costPrice", "stockQuantity", "trackStock") VALUES
  ('7066a7a0-930c-4f04-8f8e-8a7f89673da6', 'India Gate Basmati Rice 1kg', 180.0, 150.0, 86, true),
  ('c361f1a4-3d48-4ced-9b7e-eecf6ebd518d', 'Tata Sampann Toor Dal 1kg', 140.0, 115.0, 136, true),
  ('bf2bd9a7-db84-43a4-8131-a673f941530a', 'Fortune Sunflower Oil 1L', 135.0, 120.0, 57, true),
  ('01dfdbcb-b3f8-44db-ac08-288efc7e888d', 'Amul Taaza Milk 500ml', 28.0, 25.0, 161, true),
  ('0173d66f-93fa-4092-a7e7-56c1c6b62d39', 'Britannia Daily Bread 400g', 45.0, 35.0, 61, true),
  ('67f731d5-39d4-4d7d-8e3e-ed0efddf6935', 'Taj Mahal Tea 250g', 160.0, 135.0, 111, true),
  ('de3567d7-e580-407f-bacb-7b2956a8bd44', 'Madhur Pure Sugar 1kg', 55.0, 45.0, 133, true),
  ('6091b2d5-d82e-403b-bc50-2bb8cf53728b', 'Tata Salt 1kg', 25.0, 20.0, 122, true),
  ('bfa4c776-0807-41f3-bc2e-decb7827a404', 'Parle-G Gold Biscuits 1kg', 90.0, 75.0, 114, true),
  ('98ce40b1-c5ee-4b4f-b17b-2a0a6d759453', 'Dettol Original Soap 125g', 50.0, 40.0, 33, true),
  ('c848a62a-cb58-4b59-85e2-05dd6ed38492', 'Maggi 2-Minute Noodles 140g', 30.0, 25.0, 114, true),
  ('972c6786-1b54-47f3-8883-5a3269323185', 'Aashirvaad Atta 5kg', 240.0, 210.0, 125, true);

-- Insert Transactions
INSERT INTO "Transaction" (id, "totalAmount", "paymentMethod", "createdAt") VALUES
  ('b639868e-06c4-403e-8317-c57757daa83b', 360.0, 'UPI', '2026-02-21 08:31:30+00'),
  ('41f5956c-2369-484f-87bc-da93159d833c', 885.0, 'UPI', '2026-02-21 13:06:30+00'),
  ('e6d84f62-057c-4e1b-9876-1a03b9c47109', 538.0, 'UPI', '2026-02-21 14:39:30+00'),
  ('134ccc92-4b7b-45d9-bf92-c457b7a15c79', 320.0, 'UPI', '2026-02-20 11:51:30+00'),
  ('64eba306-dd27-4281-a4fc-8c944f3145f2', 624.0, 'UPI', '2026-02-20 16:48:30+00'),
  ('04575f05-9175-47dd-8864-390100c498e5', 100.0, 'CASH', '2026-02-20 08:39:30+00'),
  ('692d36cc-8f03-4afc-b407-97a58b022c3b', 2975.0, 'UPI', '2026-02-19 16:40:30+00'),
  ('79f19429-db65-40df-a151-6800502b33fd', 7864.0, 'UPI', '2026-02-19 09:20:30+00'),
  ('12d56e02-14fa-4129-a839-3330dd452400', 231.0, 'UPI', '2026-02-19 14:49:30+00'),
  ('32428aaa-a665-4610-90a5-2025f11ecf82', 6629.0, 'UPI', '2026-02-19 08:40:30+00'),
  ('9ebc33db-fff5-41e4-83b4-a3aebbd63666', 6114.0, 'UPI', '2026-02-19 19:06:30+00'),
  ('1bceddd1-dfc5-4581-84e6-1767543e16f3', 280.0, 'CASH', '2026-02-18 14:05:30+00'),
  ('fe24db70-620f-4c65-bb5f-0b2526cadc16', 110.0, 'UPI', '2026-02-18 18:42:30+00'),
  ('bdfb140c-09ff-440f-9ef7-cfb1437f5953', 700.0, 'CASH', '2026-02-17 18:03:30+00'),
  ('de19941d-f8ed-4bdd-899c-1eb85d612bfb', 180.0, 'UPI', '2026-02-17 14:22:30+00'),
  ('39f282ea-3407-4243-ac4c-1f51e78f8480', 245.0, 'UPI', '2026-02-17 15:49:30+00'),
  ('7f137a52-36fd-43cc-900c-83c90c3dbc51', 525.0, 'UPI', '2026-02-16 15:19:30+00'),
  ('c6009995-6a56-41a3-8f1c-234d03c8d275', 174.0, 'UPI', '2026-02-16 15:22:30+00'),
  ('13a188af-abb9-47eb-acc7-5baaee4638c1', 28.0, 'CASH', '2026-02-15 08:26:30+00'),
  ('09720b1d-c9ac-4d4e-978f-53ac9ab35395', 345.0, 'CASH', '2026-02-15 17:40:30+00'),
  ('7412cc44-5f55-41be-abf5-79e03780493a', 430.0, 'CASH', '2026-02-15 14:24:30+00');

-- Insert Transaction Items
INSERT INTO "TransactionItem" (id, "transactionId", "productId", quantity, "priceAtSale", total) VALUES
  ('bda8f720-e58e-49c7-b2a1-9abd45801a1a', 'b639868e-06c4-403e-8317-c57757daa83b', '98ce40b1-c5ee-4b4f-b17b-2a0a6d759453', 3, 50.0, 150.0),
  ('ec9cec0d-edaa-4c50-b05d-d6af3a260b47', 'b639868e-06c4-403e-8317-c57757daa83b', 'de3567d7-e580-407f-bacb-7b2956a8bd44', 3, 55.0, 165.0),
  ('0542a491-3321-4f8a-97b9-25a3a1a748ac', 'b639868e-06c4-403e-8317-c57757daa83b', '0173d66f-93fa-4092-a7e7-56c1c6b62d39', 1, 45.0, 45.0),
  ('f0a00d09-b1ea-4a1a-842c-cbc65921edb3', '41f5956c-2369-484f-87bc-da93159d833c', '7066a7a0-930c-4f04-8f8e-8a7f89673da6', 3, 180.0, 540.0),
  ('592361f3-b69e-4ad5-998a-d87b6e86a437', '41f5956c-2369-484f-87bc-da93159d833c', '0173d66f-93fa-4092-a7e7-56c1c6b62d39', 3, 45.0, 135.0),
  ('6aa71e01-5b71-4c49-8a7e-45824d4bd516', '41f5956c-2369-484f-87bc-da93159d833c', '67f731d5-39d4-4d7d-8e3e-ed0efddf6935', 1, 160.0, 160.0),
  ('c2006226-556b-4b3f-b029-c62d48360a13', '41f5956c-2369-484f-87bc-da93159d833c', '6091b2d5-d82e-403b-bc50-2bb8cf53728b', 2, 25.0, 50.0),
  ('47efb750-c688-4d1c-8ab0-919a82b072ff', 'e6d84f62-057c-4e1b-9876-1a03b9c47109', 'bf2bd9a7-db84-43a4-8131-a673f941530a', 2, 135.0, 270.0),
  ('6e37678d-1831-45e9-9225-e76ee776a281', 'e6d84f62-057c-4e1b-9876-1a03b9c47109', '972c6786-1b54-47f3-8883-5a3269323185', 1, 240.0, 240.0),
  ('13085540-b746-41c0-8553-d59530fc3fe8', 'e6d84f62-057c-4e1b-9876-1a03b9c47109', '01dfdbcb-b3f8-44db-ac08-288efc7e888d', 1, 28.0, 28.0),
  ('f11eece3-d221-4203-ad81-bebeb0572364', '134ccc92-4b7b-45d9-bf92-c457b7a15c79', '67f731d5-39d4-4d7d-8e3e-ed0efddf6935', 2, 160.0, 320.0),
  ('40b26f37-410a-451b-9dee-5bd4843ff941', '64eba306-dd27-4281-a4fc-8c944f3145f2', '67f731d5-39d4-4d7d-8e3e-ed0efddf6935', 3, 160.0, 480.0),
  ('1125b3dc-d26c-46f2-9513-e496c499a9a7', '64eba306-dd27-4281-a4fc-8c944f3145f2', '01dfdbcb-b3f8-44db-ac08-288efc7e888d', 3, 28.0, 84.0),
  ('d88168bf-3ae3-40e5-84fc-40101fd57fa7', '64eba306-dd27-4281-a4fc-8c944f3145f2', 'c848a62a-cb58-4b59-85e2-05dd6ed38492', 2, 30.0, 60.0),
  ('6010a9cb-b1f3-483f-9fbd-7b6d4d435f94', '04575f05-9175-47dd-8864-390100c498e5', '98ce40b1-c5ee-4b4f-b17b-2a0a6d759453', 2, 50.0, 100.0),
  ('69448410-6a7d-4bfa-ace3-a157ce702ecd', '692d36cc-8f03-4afc-b407-97a58b022c3b', '7066a7a0-930c-4f04-8f8e-8a7f89673da6', 3, 180.0, 540.0),
  ('e7a68700-4308-429e-b5d6-fdc85747d1c8', '692d36cc-8f03-4afc-b407-97a58b022c3b', '98ce40b1-c5ee-4b4f-b17b-2a0a6d759453', 3, 50.0, 150.0),
  ('490fdf9e-eb04-4afe-bb85-d5fa75acb9f6', '692d36cc-8f03-4afc-b407-97a58b022c3b', '0173d66f-93fa-4092-a7e7-56c1c6b62d39', 8, 45.0, 360.0),
  ('cecdf086-c756-40c4-8066-d44854b09fd4', '692d36cc-8f03-4afc-b407-97a58b022c3b', 'de3567d7-e580-407f-bacb-7b2956a8bd44', 7, 55.0, 385.0),
  ('db7f8d1c-7b6e-41d5-88a7-588c8b5c49f9', '692d36cc-8f03-4afc-b407-97a58b022c3b', '6091b2d5-d82e-403b-bc50-2bb8cf53728b', 7, 25.0, 175.0),
  ('a999e991-f002-4a13-911c-036704ba114f', '692d36cc-8f03-4afc-b407-97a58b022c3b', '67f731d5-39d4-4d7d-8e3e-ed0efddf6935', 6, 160.0, 960.0),
  ('01f2f29b-b8a0-4de4-b7ec-6f4073e7dc54', '692d36cc-8f03-4afc-b407-97a58b022c3b', 'bf2bd9a7-db84-43a4-8131-a673f941530a', 3, 135.0, 405.0),
  ('916b1915-b55a-4555-a19d-49959a5af09b', '79f19429-db65-40df-a151-6800502b33fd', 'c848a62a-cb58-4b59-85e2-05dd6ed38492', 8, 30.0, 240.0),
  ('9ee0caee-8479-4bbb-bda7-8be8003358fa', '79f19429-db65-40df-a151-6800502b33fd', 'de3567d7-e580-407f-bacb-7b2956a8bd44', 8, 55.0, 440.0),
  ('61e87186-2917-4b19-b5a2-b9799938ffd3', '79f19429-db65-40df-a151-6800502b33fd', '01dfdbcb-b3f8-44db-ac08-288efc7e888d', 3, 28.0, 84.0),
  ('3f4b7229-9ec0-4252-ae22-0db21ee01f83', '79f19429-db65-40df-a151-6800502b33fd', '7066a7a0-930c-4f04-8f8e-8a7f89673da6', 7, 180.0, 1260.0),
  ('cd6704c4-c052-418e-a070-3037f8232a06', '79f19429-db65-40df-a151-6800502b33fd', '972c6786-1b54-47f3-8883-5a3269323185', 8, 240.0, 1920.0),
  ('ef48608b-2d9c-4a81-999c-f97193e00225', '79f19429-db65-40df-a151-6800502b33fd', 'bfa4c776-0807-41f3-bc2e-decb7827a404', 8, 90.0, 720.0),
  ('ed837d9e-d842-43a3-a8d6-32f597e6a4ed', '79f19429-db65-40df-a151-6800502b33fd', 'bf2bd9a7-db84-43a4-8131-a673f941530a', 7, 135.0, 945.0),
  ('96408e2b-1377-481f-aab6-51007ef41c00', '79f19429-db65-40df-a151-6800502b33fd', 'c361f1a4-3d48-4ced-9b7e-eecf6ebd518d', 7, 140.0, 980.0),
  ('16c3648c-2e9f-48af-8822-d55d77d04d2b', '79f19429-db65-40df-a151-6800502b33fd', '98ce40b1-c5ee-4b4f-b17b-2a0a6d759453', 5, 50.0, 250.0),
  ('e02de36b-63bf-412e-9585-55751c79e9a2', '79f19429-db65-40df-a151-6800502b33fd', '67f731d5-39d4-4d7d-8e3e-ed0efddf6935', 5, 160.0, 800.0),
  ('f65348cc-2a19-465c-adf0-6b2a4bbaa5b6', '79f19429-db65-40df-a151-6800502b33fd', '0173d66f-93fa-4092-a7e7-56c1c6b62d39', 5, 45.0, 225.0),
  ('aba75e48-3c60-4c8e-b514-077f71ff6627', '12d56e02-14fa-4129-a839-3330dd452400', '6091b2d5-d82e-403b-bc50-2bb8cf53728b', 3, 25.0, 75.0),
  ('cfa6c3a2-f719-42cb-a22b-43c0d7d2c9fc', '12d56e02-14fa-4129-a839-3330dd452400', '01dfdbcb-b3f8-44db-ac08-288efc7e888d', 2, 28.0, 56.0),
  ('90709a4b-81eb-43b9-a175-fa18ab59af52', '12d56e02-14fa-4129-a839-3330dd452400', '98ce40b1-c5ee-4b4f-b17b-2a0a6d759453', 2, 50.0, 100.0),
  ('185b9a41-236c-4ed2-b2fd-03344485ba78', '32428aaa-a665-4610-90a5-2025f11ecf82', 'bf2bd9a7-db84-43a4-8131-a673f941530a', 5, 135.0, 675.0),
  ('c83db870-f1d3-4c41-81a9-c8efab0e20ab', '32428aaa-a665-4610-90a5-2025f11ecf82', 'c848a62a-cb58-4b59-85e2-05dd6ed38492', 8, 30.0, 240.0),
  ('1b894fd1-48e0-4627-a01c-0de5085aab2d', '32428aaa-a665-4610-90a5-2025f11ecf82', 'de3567d7-e580-407f-bacb-7b2956a8bd44', 8, 55.0, 440.0),
  ('fc19441f-64e0-47fe-89bc-5498ffb40e3e', '32428aaa-a665-4610-90a5-2025f11ecf82', '7066a7a0-930c-4f04-8f8e-8a7f89673da6', 6, 180.0, 1080.0),
  ('85f35481-8fa5-46db-9497-66d709b0ee76', '32428aaa-a665-4610-90a5-2025f11ecf82', '67f731d5-39d4-4d7d-8e3e-ed0efddf6935', 8, 160.0, 1280.0),
  ('98fc8476-39cd-4f85-bbb2-2f694a77c230', '32428aaa-a665-4610-90a5-2025f11ecf82', '6091b2d5-d82e-403b-bc50-2bb8cf53728b', 3, 25.0, 75.0),
  ('48db759e-ce6a-421c-ab07-4c3e3f3bdffa', '32428aaa-a665-4610-90a5-2025f11ecf82', '98ce40b1-c5ee-4b4f-b17b-2a0a6d759453', 8, 50.0, 400.0),
  ('a089a94b-cb3a-4f38-9e87-35a636a3084e', '32428aaa-a665-4610-90a5-2025f11ecf82', 'c361f1a4-3d48-4ced-9b7e-eecf6ebd518d', 5, 140.0, 700.0),
  ('3448af36-f187-4c4c-952a-f22451054fa5', '32428aaa-a665-4610-90a5-2025f11ecf82', '972c6786-1b54-47f3-8883-5a3269323185', 5, 240.0, 1200.0),
  ('503927f6-2af0-4ca2-8506-b234995306b8', '32428aaa-a665-4610-90a5-2025f11ecf82', '0173d66f-93fa-4092-a7e7-56c1c6b62d39', 7, 45.0, 315.0),
  ('1fcced6b-7673-4c5c-af78-d9a05a39cd14', '32428aaa-a665-4610-90a5-2025f11ecf82', '01dfdbcb-b3f8-44db-ac08-288efc7e888d', 8, 28.0, 224.0),
  ('64449e10-f6c1-4fb5-beb8-4db8d925e3d3', '9ebc33db-fff5-41e4-83b4-a3aebbd63666', '6091b2d5-d82e-403b-bc50-2bb8cf53728b', 3, 25.0, 75.0),
  ('aee130f6-6174-40ed-8444-4af1960039f3', '9ebc33db-fff5-41e4-83b4-a3aebbd63666', '972c6786-1b54-47f3-8883-5a3269323185', 6, 240.0, 1440.0),
  ('e85958cf-f850-4177-8374-a429bdbba138', '9ebc33db-fff5-41e4-83b4-a3aebbd63666', 'bfa4c776-0807-41f3-bc2e-decb7827a404', 4, 90.0, 360.0),
  ('165ec497-6561-4188-9062-2a6aa870a354', '9ebc33db-fff5-41e4-83b4-a3aebbd63666', '01dfdbcb-b3f8-44db-ac08-288efc7e888d', 8, 28.0, 224.0),
  ('8baa413f-a938-4e71-b73a-e225dfa9711e', '9ebc33db-fff5-41e4-83b4-a3aebbd63666', 'de3567d7-e580-407f-bacb-7b2956a8bd44', 5, 55.0, 275.0),
  ('2c9718d6-31e1-4f69-bb67-fed45abdd580', '9ebc33db-fff5-41e4-83b4-a3aebbd63666', '7066a7a0-930c-4f04-8f8e-8a7f89673da6', 7, 180.0, 1260.0),
  ('b05c219c-0d50-4802-8ce7-cc0baed71523', '9ebc33db-fff5-41e4-83b4-a3aebbd63666', 'c848a62a-cb58-4b59-85e2-05dd6ed38492', 6, 30.0, 180.0),
  ('b8d48b0b-c1fe-43a6-b95d-4aa959d0b5d5', '9ebc33db-fff5-41e4-83b4-a3aebbd63666', '98ce40b1-c5ee-4b4f-b17b-2a0a6d759453', 3, 50.0, 150.0),
  ('581183bf-43b2-4825-a0ab-ed5015bed417', '9ebc33db-fff5-41e4-83b4-a3aebbd63666', 'c361f1a4-3d48-4ced-9b7e-eecf6ebd518d', 5, 140.0, 700.0),
  ('7b1c6190-df22-4320-b50d-12b2d6cd23b7', '9ebc33db-fff5-41e4-83b4-a3aebbd63666', '67f731d5-39d4-4d7d-8e3e-ed0efddf6935', 4, 160.0, 640.0),
  ('80d966f1-1543-4913-b4c1-ab1b372854ef', '9ebc33db-fff5-41e4-83b4-a3aebbd63666', 'bf2bd9a7-db84-43a4-8131-a673f941530a', 6, 135.0, 810.0),
  ('b2e9a717-b92c-4899-8bf4-ab281d1d8caa', '1bceddd1-dfc5-4581-84e6-1767543e16f3', '6091b2d5-d82e-403b-bc50-2bb8cf53728b', 1, 25.0, 25.0),
  ('716644b9-3a7c-4a9a-bc4d-48add55ee540', '1bceddd1-dfc5-4581-84e6-1767543e16f3', '0173d66f-93fa-4092-a7e7-56c1c6b62d39', 2, 45.0, 90.0),
  ('6b57813f-d654-41de-ae7f-b30633bc1736', '1bceddd1-dfc5-4581-84e6-1767543e16f3', 'de3567d7-e580-407f-bacb-7b2956a8bd44', 3, 55.0, 165.0),
  ('cf378809-4087-4f64-b8af-0900cd988d38', 'fe24db70-620f-4c65-bb5f-0b2526cadc16', 'de3567d7-e580-407f-bacb-7b2956a8bd44', 2, 55.0, 110.0),
  ('18a3f647-5bf6-470a-90dc-6382b290ec21', 'bdfb140c-09ff-440f-9ef7-cfb1437f5953', '972c6786-1b54-47f3-8883-5a3269323185', 1, 240.0, 240.0),
  ('d00521ef-766a-40f3-85e4-32da61e44df7', 'bdfb140c-09ff-440f-9ef7-cfb1437f5953', '98ce40b1-c5ee-4b4f-b17b-2a0a6d759453', 2, 50.0, 100.0),
  ('ddd9eef7-c069-43d0-9c8c-be6c98c3a104', 'bdfb140c-09ff-440f-9ef7-cfb1437f5953', '7066a7a0-930c-4f04-8f8e-8a7f89673da6', 2, 180.0, 360.0),
  ('aaf6e3e3-d7fc-4912-bb39-2934d603766e', 'de19941d-f8ed-4bdd-899c-1eb85d612bfb', '7066a7a0-930c-4f04-8f8e-8a7f89673da6', 1, 180.0, 180.0),
  ('23016644-bd0b-4ece-977e-f22cc962c8fc', '39f282ea-3407-4243-ac4c-1f51e78f8480', 'de3567d7-e580-407f-bacb-7b2956a8bd44', 2, 55.0, 110.0),
  ('456a99ae-d773-42b1-bc44-6ba8a25b9b78', '39f282ea-3407-4243-ac4c-1f51e78f8480', 'bf2bd9a7-db84-43a4-8131-a673f941530a', 1, 135.0, 135.0),
  ('73488c5e-a85b-434a-a833-3a3147ca6828', '7f137a52-36fd-43cc-900c-83c90c3dbc51', '67f731d5-39d4-4d7d-8e3e-ed0efddf6935', 3, 160.0, 480.0),
  ('dfe0e485-04de-47fc-b8a9-c90d4de55e28', '7f137a52-36fd-43cc-900c-83c90c3dbc51', '0173d66f-93fa-4092-a7e7-56c1c6b62d39', 1, 45.0, 45.0),
  ('e299e189-916e-47c7-a385-3c89784ddb17', 'c6009995-6a56-41a3-8f1c-234d03c8d275', 'bfa4c776-0807-41f3-bc2e-decb7827a404', 1, 90.0, 90.0),
  ('f6920ae9-1fb6-4a0a-b934-c3bb4dceaaf4', 'c6009995-6a56-41a3-8f1c-234d03c8d275', '01dfdbcb-b3f8-44db-ac08-288efc7e888d', 3, 28.0, 84.0),
  ('7a005296-5bed-4137-89c2-b8e65431203e', '13a188af-abb9-47eb-acc7-5baaee4638c1', '01dfdbcb-b3f8-44db-ac08-288efc7e888d', 1, 28.0, 28.0),
  ('76d790eb-cb11-4feb-ace4-7a941678599b', '09720b1d-c9ac-4d4e-978f-53ac9ab35395', 'bfa4c776-0807-41f3-bc2e-decb7827a404', 3, 90.0, 270.0),
  ('11d3499f-3cbb-446d-9d6e-c03fd45b4f97', '09720b1d-c9ac-4d4e-978f-53ac9ab35395', '6091b2d5-d82e-403b-bc50-2bb8cf53728b', 3, 25.0, 75.0),
  ('e90430cf-a175-4cf4-a462-6dc8b212c551', '7412cc44-5f55-41be-abf5-79e03780493a', '67f731d5-39d4-4d7d-8e3e-ed0efddf6935', 2, 160.0, 320.0),
  ('c6abc4d0-419a-4474-aed3-f9b56082901a', '7412cc44-5f55-41be-abf5-79e03780493a', 'de3567d7-e580-407f-bacb-7b2956a8bd44', 2, 55.0, 110.0);